Name,Address,Phone,Rating,Website
Unknown,Not available,011 482 2592,Not rated,Not available
Unknown,Not available,062 330 3969,Not rated,Not available
Unknown,Not available,011 789 8440,Not rated,Not available
Unknown,Not available,011 463 1962,Not rated,Not available
Unknown,Not available,011 430 7700,Not rated,Not available
Unknown,Not available,011 608 0313,Not rated,Not available
Unknown,Not available,011 803 7000,Not rated,Not available
Unknown,Not available,072 489 6107,Not rated,Not available
Unknown,Not available,011 793 3619,Not rated,Not available
Unknown,Not available,071 467 6453,Not rated,Not available
Unknown,Not available,011 451 8000,Not rated,Not available
Unknown,Not available,011 493 3300,Not rated,Not available
Unknown,Not available,011 463 2124,Not rated,Not available
Unknown,Not available,011 465 0809,Not rated,Not available
Unknown,Not available,010 541 0035,Not rated,Not available
Unknown,Not available,067 380 7786,Not rated,Not available
Unknown,Not available,011 524 7000,Not rated,Not available
Unknown,Not available,011 907 9410,Not rated,Not available
Unknown,Not available,011 682 3862,Not rated,Not available
Unknown,Not available,010 880 5283,Not rated,Not available
Unknown,Not available,083 423 7585,Not rated,Not available
Unknown,Not available,081 779 4840,Not rated,Not available
