Name,Telephone,Fax,Cell,Address,Email,Website,Services
North West,Not available,Not available,Not available,Not available,Not available,Not available,Not available
ONE STOP CLEARING (PTY) LTD,Number: 018 642 1599,Number: 086 613 8758,Not available,"1 Diederick Street, Zeerust, South Africa",onestop@telkomsa.net,Address: www.onestopclearing.co.za,Provided : IMPORT AND EXPORT SERVICES
ULTRA LIQUORS (PTY) LTD – RUSTENBURG (PRESIDENT MBEKI DR),Number: 014 592 1357,Not available,Not available,headoffice@ultraliquors.co.za / support@ultraliquors.co.za,"headoffice@ultraliquors.co.za, support@ultraliquors.co.za",Address: www.ultraliquors.co.za,Provided: SUPPLIERS/ DISTRIBUTORS & WHOLESALERS OF ALCOHOL
ULTRA LIQUORS (PTY) LTD – RUSTENBURG,Number: 014 592 9093,Not available,Not available,headoffice@ultraliquors.co.za / support@ultraliquors.co.za,"headoffice@ultraliquors.co.za, support@ultraliquors.co.za",Address: www.ultraliquors.co.za,Provided: SUPPLIERS/ DISTRIBUTORS & WHOLESALERS OF ALCOHOL
ULTRA LIQUORS (PTY) LTD – PLATINUM SQUARE,Number: 014 537 2664,Not available,Not available,headoffice@ultraliquors.co.za / support@ultraliquors.co.za,"headoffice@ultraliquors.co.za, support@ultraliquors.co.za",Address: www.ultraliquors.co.za,Provided: SUPPLIERS/ DISTRIBUTORS & WHOLESALERS OF ALCOHOL
ULTRA LIQUORS (PTY) LTD – NORTHAM,Number: 014 784 0118,Not available,Not available,headoffice@ultraliquors.co.za / support@ultraliquors.co.za,"headoffice@ultraliquors.co.za, support@ultraliquors.co.za",Address: www.ultraliquors.co.za,Provided: SUPPLIERS/ DISTRIBUTORS & WHOLESALERS OF ALCOHOL
ULTRA LIQUORS (PTY) LTD – KLERKSDORP (LEENHUIS),Number: 018 469 1009,Not available,Not available,headoffice@ultraliquors.co.za / support@ultraliquors.co.za,"headoffice@ultraliquors.co.za, support@ultraliquors.co.za",Address: www.ultraliquors.co.za,Provided: SUPPLIERS/ DISTRIBUTORS & WHOLESALERS OF ALCOHOL
ULTRA LIQUORS (PTY) LTD – KLERKSDORP (FLAMWOOD),Number: 018 468 2181,Not available,Not available,headoffice@ultraliquors.co.za / support@ultraliquors.co.za,"headoffice@ultraliquors.co.za, support@ultraliquors.co.za",Address: www.ultraliquors.co.za,Provided: SUPPLIERS/ DISTRIBUTORS & WHOLESALERS OF ALCOHOL
ULTRA LIQUORS (PTY) LTD – KLERKSDORP (CHRIS HANI),Number: 018 469 1009,Not available,Not available,headoffice@ultraliquors.co.za / support@ultraliquors.co.za,"headoffice@ultraliquors.co.za, support@ultraliquors.co.za",Address: www.ultraliquors.co.za,Provided: SUPPLIERS/ DISTRIBUTORS & WHOLESALERS OF ALCOHOL
ULTRA LIQUORS (PTY) LTD – BRITS,Number: 012 252 1122,Not available,Not available,headoffice@ultraliquors.co.za / support@ultraliquors.co.za,"headoffice@ultraliquors.co.za, support@ultraliquors.co.za",Address: www.ultraliquors.co.za,Provided: SUPPLIERS/ DISTRIBUTORS & WHOLESALERS OF ALCOHOL
"ORION HOTEL (Katse LodgeKatse Dam, LESOTHO)",Hotel +266 2891 0202 Toll free 086 199 1199 Central Reservations +27 (0)11 403 1218,Not available,Not available,Katse Village Bokong Lesotho Postal Address:   P.O. Box 1377 Ficksburg 9730 | Postal: P.O. Box 1377 Ficksburg 9730,Not available,Not available,Not available
"ORION HOTEL (Mohale LodgeMohale Dam, LESOTHO)",Hotel +266 2293 6432 Toll free 086 199 1199 Central Reservations +27 (0)11 403 1218,Not available,Not available,Likalaneng Ha Mohale Postal Address:   P.O. Box A363 Maseru Lesotho 100 | Postal: P.O. Box A363 Maseru Lesotho 100,Not available,Not available,Not available
CORICRAFT (RUSTENBURG),) 014 537 6501 (Fax) EMAIL:rbmanager@coricraft.co.za,) EMAIL:rbmanager@coricraft.co.za,Not available,"SHOP 16, WATERFALL MALL VALUE CENTRE, AUGRABIES STREET, WATERFALL PARK,RUSTENBURG",rbmanager@coricraft.co.za,Not available,Not available
AVBOB(KLEKSDORP),018-462 9784,Not available,Not available,19 KOCK STREET KLERKSDORP,Not available,Not available,Not available
AVBOB (LITCHENBURG),L:018-632 3144/87,Not available,Not available,57 TRANSVAAL STREET,Not available,Not available,Not available
AVBOB (MAFIKENG),018-381 6276,Not available,Not available,26 HATCH STREET,Not available,Not available,Not available
AVBOB (RUSTENBURG),014-592 8293,Not available,Not available,59 NELSON MANDELA STREET,Not available,Not available,Not available
AVBOB (RUSTENBURG IND),014-597 0300/1/2,Not available,Not available,"CNR WULFSE & WATERVAL LANE,RUSTENBURG",Not available,Not available,Not available
AVBOB (WOLMARANSSTAD),018-596 1304,Not available,Not available,33 PIET RETIEF STREET,Not available,Not available,Not available
AVBOB (ZEERUST),018-642 1561,Not available,Not available,12 VOORTREKKER STREET ZEERUST 2865,Not available,Not available,Not available
FOKLAKE INVESTMENTS (PTY) LTD,014-592 4080 FAX:014-592 4739,014-592 4739,Not available,"155 KORK KCK,NORTH WEST",Not available,Not available,Not available
NORTH WEST UNIVERSITY (N W U),018-389 2111 FAX:018-389 2375,018-389 2375,Not available,"ALBERT LUTHULI STREET,MMABATHO,NORTH WEST",Not available,Not available,Not available
ORION HOTEL (Dithõlõ Game Lodge) NORTH WEST,Hotel +27 083 609 6594 Toll free 086 199 1199 Central Reservations +27 (0)11 403 1218,Not available,Not available,"Kromdraai Road,Klippoortjie,564-KQ,Limpopo | Postal: P.O. Box 31416 Braamfontein",Not available,Not available,Not available
"ORION HOTELS (Euphoria Hotel, Golf Estate & Spa) Naboomspruit, Waterberg, North-West",Hotel +27 (0)14 743 5000 Toll free 086 199 1199 Central Reserv,Not available,Not available,R101 Modimolle road Mookgophong / Naboomspruit 0560 Postal Address:   PO Box 888 Naboomspruit 0560 | Postal: PO Box 888 Naboomspruit 0560,Not available,Not available,Not available
"ORION HOTEL (Safari LodgeRustenburg, North-West)",Hotel +27 (0)14 597 9000 Toll free 086 199 1199 Central Reservations +27 (0)11 403,Not available,Not available,Donkerhoek Road Rustenburg 0300 Postal Address:   P.O. Box 687 Rustenburg 0300 | Postal: P.O. Box 687 Rustenburg 0300,Not available,Not available,Not available
NELSPRUIT ANIMAL HOSPITAL,013-752 8271 FAX:013-753 3417,013-753 3417,Not available,"14 FERREIRA STREET,NELSPRUIT",Not available,Not available,Not available
SEDIKWA GUEST HO,018-381 0639 FAX: 018-381 6297,018-381 6297,Not available,57 KIRSTENBOSH BOULVARD RIVIERA PARK MAFIKENG,Not available,Not available,Not available
M M E MANUFACTURING CO (PTY) LTD,018-788 6674 FAX: 018-786 1479,018-786 1479,Not available,28 SKAG STREET INDUSTRIAL SITES CARLETONVILLE,Not available,Not available,Not available
BENADE KABINETMAKERS,018-469 3637 FAX: 018-469 3637,018-469 3637,Not available,NEUTRONWEG 37 URANIAVILLE KLERKSDORP,Not available,Not available,Not available
RAND MUTUAL ASSURANCE,014-594 9200 EMAIL: rustenburgmail@randmutual.co.za,Not available,Not available,65 LOOP STREET RUSTENBURG,rustenburgmail@randmutual.co.za,Not available,Not available
PENNY LANE B & B,018-468 4183 FAX: 086-537 6942 EMAIL: penny@telkomsa.net,086-537 6942 EMAIL: penny@telkomsa.net,Not available,SHIRLEY AVENUE FLAMWOOD KLERKSDORP,penny@telkomsa.net,Not available,Not available
PICK 'N PAY ZEERUST FAMILY STORE,018-642 1100 FAX: 086-657 0851 EMAIL: pick-pay@gds.co.za,086-657 0851 EMAIL: pick-pay@gds.co.za,Not available,53 CHURCH STREET,pick-pay@gds.co.za,Not available,Not available
BOGO LEGABA,018-381 6801 FAX: 018-381 6881 EMAIL: letsholo23@gmail.com,018-381 6881 EMAIL: letsholo23@gmail.com,Not available,6 INTERLAKEN AVENUE RIVERA MAFIKENG,letsholo23@gmail.com,Not available,Not available
ELTEC CC,014-777 1433 FAX: 014-777 1433,014-777 1433,Not available,DEENA STREET THAMBAZIMBA NORTH WEST,Not available,Not available,Not available
PHAKISA HOLDINGS (PTY) LTD,014-596 6226 EMAIL: madeleni@phakisahldj.co.za,Not available,Not available,97 HEEFER STREET CASHAN RUSTENBURG,madeleni@phakisahldj.co.za,Not available,Not available
M & J PERSONNEL CONSULTANTS CC,018-381 0770 FAX: 018-381 2870 EMAIL: liebenburg@telkomsa.net,018-381 2870 EMAIL: liebenburg@telkomsa.net,Not available,24 B WARREN STREET MAFIKENG,liebenburg@telkomsa.net,Not available,Not available
RECLAM,014-769 6830 FAX: 086-211 3565 EMAIL: dmosimane@reclam.co.za,086-211 3565 EMAIL: dmosimane@reclam.co.za,Not available,LIGHT INDUSTRIAL AREA 794 PIETER GROBELAAR STREET LEPHALALE,dmosimane@reclam.co.za,Not available,Not available
NIMAG (PTY),014-577 1330 FAX: 014-577 1330 EMAIL: nim001@worldonline.co.za info@nimaggroup.com,014-577 1330 EMAIL: nim001@worldonline.co.za info@nimaggroup.com,Not available,NIMAG (PTY) LTD POTION 33 FARM STEENKOPPIES RUSTENBURG PRETORIA,"nim001@worldonline.co.za, info@nimaggroup.com",Not available,Not available
MARTINS FUNERAL SERVICES,018-469 1155 FAX: 018-469 3356,018-469 3356,Not available,57 JOE SLOVO ROAD KLERKSDORP,Not available,Not available,ADDRESS: 57 JOE SLOVO ROAD KLERKSDORP
AEROPINK,018-294 8305 FAX: 018-294 6717 EMAIL: info@leemining.co.za,018-294 6717 EMAIL: info@leemining.co.za,Not available,35 IKAGENG ROAD POTCHEFSTROOM,info@leemining.co.za,Not available,Not available
AEROPINK .,018-294 8305 FAX: 018-294 6717 EMAIL: info@leemining.co.za,018-294 6717 EMAIL: info@leemining.co.za,Not available,35 IKAGENG ROAD POTCHEFSTROOM,info@leemining.co.za,Not available,Not available
NORTH WEST UNIVERSITY (NWU),018-389 2111 FAX: 018-389 2375,018-389 2375,Not available,ALBERT LUTHULI STREET MMABATHO NORTH WEST,Not available,Not available,Not available
POLOKO FUNERAL SERVICES & COFFIN MANUFACTURERS,018-363 3157 EMAIL: polokotms@telkomsa.net,Not available,Not available,2443 MONNAMERE STREET LEHURUSHE INDUSTRIAL SITES LERATO,polokotms@telkomsa.net,Not available,& COFFIN MANUFACTURERS
H & F HYDRAULICS,014-596 6313 EMAIL: anton@hfhydraulics.co.za,Not available,Not available,28 BOSCH STREET RUSTENBURG,anton@hfhydraulics.co.za,Not available,Not available
MINI LOADS,014-592 4337 FAX: 086-610 9897,086-610 9897,Not available,MABE BUSINESS PARK 2 KQWEBO STREET RUSTENBURG,Not available,Not available,Not available
LIONEL MOTORS A DIV OFSUPER GROUP,014-592 1328 FAX: 014-597 1273 EMAIL: rina.leroux@supergrp.com WEBSITE: www.lionel-motors.co.za,014-597 1273 EMAIL: rina.leroux@supergrp.com WEBSITE: www.lionel-motors.co.za,Not available,45 NELSON MANDELA DRIVE RUSTENBURG 0299 POSTAL ADDRESS: P O BOX 52 RUSTENBERG 0300 | Postal: P O BOX 52 RUSTENBERG 0300,rina.leroux@supergrp.com,www.lionel-motors.co.za,Not available
PHILIP MOTORS WORKSHOP,018-771 2116 FAX: 018-771 2119,018-771 2119,Not available,9 PRESIDENT STREET FOCHVILLE,Not available,Not available,Not available
ZION-THABA CREATION CC,014-592 0100 FAX: 086-500 2397 EMAIL: zionthaba@mwebmail.co.za,086-500 2397 EMAIL: zionthaba@mwebmail.co.za,Not available,33 ARDISIA AVENUE GEELHOUT PARK RUSTENBURG,zionthaba@mwebmail.co.za,Not available,Not available
TCN INDUSTRIAL & GENERAL SUPPLIES,018-293 0952 FAX: 018-294 8414 EMAIL: tcn@telkomsa.net,018-294 8414 EMAIL: tcn@telkomsa.net,Not available,81 DU PLOOY STREET POTCHEFSTROOM,tcn@telkomsa.net,Not available,Not available
ISC MATLA (PTY) LTD,016-986 1189 FAX: 016-986 0540 EMAIL: harry@iscgroup.co.za,016-986 0540 EMAIL: harry@iscgroup.co.za,Not available,13 DAIMER STREET VANDERBIJILPARK NW 7 VANDERBIJILPARK,harry@iscgroup.co.za,Not available,Not available
ALWAYS COOL TECHNICAL SERVICES,018-468 8274 EMAIL: alwayscool.ola@webmail.co.za,Not available,Not available,4 WAYS CENTRE SHOP 9 10TH STREET KLERKDORP,alwayscool.ola@webmail.co.za,Not available,ADDRESS: 4 WAYS CENTRE SHOP 9 10TH STREET KLERKDORP
CAPACITY OUTSOURCING POLOKWANE,015 291 1794,Not available,Not available,6 HANS VAN RENSBURG STREET POLOKWANE 0699,Not available,Not available,Not available
MOLALE SECURITY SERVICES,018 477 1412 FAX 018 477 1412 CELL 084 8777 579 EMAIL molaleoj@telkomsa.net,018 477 1412 CELL 084 8777 579 EMAIL molaleoj@telkomsa.net,084 8777 579 EMAIL molaleoj@telkomsa.net,UMUZIMUHLE SHOPPING CENTRE OFFICE 3 VAAL REEFS | Postal: P O BOX 366 ORKNEY 2620,molaleoj@telkomsa.net,Not available,ADDRESS UMUZIMUHLE SHOPPING CENTRE OFFICE 3 VAAL REEFS
REMADE RECYCLE KLERKSDORP,No. : 018 462 4329 Fax No. : 018 462 4329 E-Mail Add. info@remadeco.za Website Add. : www.remade.co.za,No. : 018 462 4329 E-Mail Add. info@remadeco.za Website Add. : www.remade.co.za,Not available,"130 OR THAMBO, KLERK INDUSTRIA, KLERKSDORP",info@remadeco.za,Add. : www.remade.co.za,2) RECYCLING
A2A KOPANO INCORPORATED KING WILLIAMS TOWN,No. : 043 642 5636 Fax No. : 043 643 3582  E-Mail Add. : Website Add. : www.a2akopano.co.za,No. : 043 643 3582  E-Mail Add. : Website Add. : www.a2akopano.co.za,Not available,Not available,Not available,Add. : www.a2akopano.co.za,2) Corporate services / Taxation 3) Financial advisory services 4) Forensic accounting services
AIR PRODUCTS SA (Pty) Ltd - THABAZIMBI,No. : 014 772 2879 E-Mail Add. taylorg@airproducts.co.za,Not available,Not available,Not available,taylorg@airproducts.co.za,Not available,Not available
NESTLE - Potchefstroom Coffee Creamer Manufacturing Factory),Not available,Not available,Not available,Not available,Not available,Not available,Not available
MOSIANE DRIVING SCHOOL,No. : 018-3816583 Fax No. : 018 381 6583 Cellular No. : 071 879 3439 E-Mail Add. : MOSIANEOT@YAHOO.COM,No. : 018 381 6583 Cellular No. : 071 879 3439 E-Mail Add. : MOSIANEOT@YAHOO.COM,ular No. : 071 879 3439 E-Mail Add. : MOSIANEOT@YAHOO.COM,Not available,MOSIANEOT@YAHOO.COM,Not available,Not available
SUPREME AUTO MAFIKENG,No. : 018 381 3675 / 8 Fax No. : 018 381 0463 Cellular No. : E-Mail Add. : RECEPTION@SUPREMEAUTO.CO.ZA Website Add. : WWW.SUPREMEAUTO.CO.ZA,No. : 018 381 0463 Cellular No. : E-Mail Add. : RECEPTION@SUPREMEAUTO.CO.ZA Website Add. : WWW.SUPREMEAUTO.CO.ZA,ular No. : E-Mail Add. : RECEPTION@SUPREMEAUTO.CO.ZA Website Add. : WWW.SUPREMEAUTO.CO.ZA,Not available,RECEPTION@SUPREMEAUTO.CO.ZA,Add. : WWW.SUPREMEAUTO.CO.ZA,Not available
