Name,Address,Phone,Rating,Website,Page
Unknown,Not available,011 465 3288,Not rated,Not available,1
Unknown,Not available,011 887 0100,Not rated,Not available,1
Unknown,Not available,011 484 0161,Not rated,Not available,1
Unknown,Not available,011 786 0323,Not rated,Not available,1
Unknown,Not available,012 030 3694,Not rated,Not available,1
Unknown,Not available,069 735 6699,Not rated,Not available,1
Unknown,Not available,011 402 4804,Not rated,Not available,1
Unknown,Not available,076 918 3181,Not rated,Not available,1
Unknown,Not available,072 246 7715,Not rated,Not available,1
Unknown,Not available,060 457 9377,Not rated,Not available,1
Unknown,Not available,012 813 8637,Not rated,Not available,1
Unknown,Not available,082 378 8024,Not rated,Not available,1
Unknown,Not available,012 880 2602,Not rated,Not available,1
Unknown,Not available,073 208 4206,Not rated,Not available,1
Unknown,Not available,010 017 1108,Not rated,Not available,1
Unknown,Not available,083 228 1908,Not rated,Not available,1
Unknown,Not available,012 326 0462,Not rated,Not available,1
Unknown,Not available,010 001 8422,Not rated,Not available,1
Unknown,Not available,Not available,Not rated,Not available,1
Unknown,Not available,011 683 0046,Not rated,Not available,1
Unknown,Not available,081 851 4440,Not rated,Not available,2
Unknown,Not available,082 726 0113,Not rated,Not available,2
Unknown,Not available,011 609 7003,Not rated,Not available,2
Unknown,Not available,064 735 6149,Not rated,Not available,2
Unknown,Not available,Not available,Not rated,Not available,2
Unknown,Not available,011 496 1382,Not rated,Not available,2
Unknown,Not available,084 404 0200,Not rated,Not available,2
Unknown,Not available,076 861 3684,Not rated,Not available,2
Unknown,Not available,079 506 6322,Not rated,Not available,2
Unknown,Not available,073 804 1344,Not rated,Not available,2
Unknown,Not available,011 482 7795,Not rated,Not available,2
Unknown,Not available,012 751 1712,Not rated,Not available,2
Unknown,Not available,072 744 4798,Not rated,Not available,2
Unknown,Not available,011 980 4020,Not rated,Not available,2
Unknown,Not available,084 583 7299,Not rated,Not available,2
Unknown,Not available,Not available,Not rated,Not available,2
Unknown,Not available,012 812 5100,Not rated,Not available,2
Unknown,Not available,067 649 3877,Not rated,Not available,2
Unknown,Not available,064 370 2202,Not rated,Not available,2
Unknown,Not available,011 465 3344,Not rated,Not available,2
Unknown,Not available,012 111 7255,Not rated,Not available,2
Unknown,Not available,081 851 4440,Not rated,Not available,3
Unknown,Not available,012 345 1181,Not rated,Not available,3
Unknown,Not available,011 532 9600,Not rated,Not available,3
Unknown,Not available,083 266 7529,Not rated,Not available,3
Unknown,Not available,072 127 6335,Not rated,Not available,3
Unknown,Not available,081 836 6788,Not rated,Not available,3
Unknown,Not available,084 018 5098,Not rated,Not available,3
Unknown,Not available,011 708 7459,Not rated,Not available,3
Unknown,Not available,064 557 4584,Not rated,Not available,3
Unknown,Not available,064 392 4277,Not rated,Not available,3
Unknown,Not available,083 299 8580,Not rated,Not available,3
Unknown,Not available,087 135 0005,Not rated,Not available,3
Unknown,Not available,Not available,Not rated,Not available,3
Unknown,Not available,Not available,Not rated,Not available,3
Unknown,Not available,081 851 4440,Not rated,Not available,4
Unknown,Not available,082 726 0113,Not rated,Not available,4
Unknown,Not available,011 609 7003,Not rated,Not available,4
Unknown,Not available,064 735 6149,Not rated,Not available,4
Unknown,Not available,Not available,Not rated,Not available,4
Unknown,Not available,011 496 1382,Not rated,Not available,4
Unknown,Not available,084 404 0200,Not rated,Not available,4
Unknown,Not available,076 861 3684,Not rated,Not available,4
Unknown,Not available,079 506 6322,Not rated,Not available,4
Unknown,Not available,073 804 1344,Not rated,Not available,4
Unknown,Not available,011 482 7795,Not rated,Not available,4
Unknown,Not available,012 751 1712,Not rated,Not available,4
Unknown,Not available,072 744 4798,Not rated,Not available,4
Unknown,Not available,011 980 4020,Not rated,Not available,4
Unknown,Not available,084 583 7299,Not rated,Not available,4
Unknown,Not available,Not available,Not rated,Not available,4
Unknown,Not available,012 812 5100,Not rated,Not available,4
Unknown,Not available,067 649 3877,Not rated,Not available,4
Unknown,Not available,064 370 2202,Not rated,Not available,4
Unknown,Not available,011 465 3344,Not rated,Not available,4
Unknown,Not available,012 111 7255,Not rated,Not available,4
Unknown,Not available,081 851 4440,Not rated,Not available,5
Unknown,Not available,012 345 1181,Not rated,Not available,5
Unknown,Not available,011 532 9600,Not rated,Not available,5
Unknown,Not available,083 266 7529,Not rated,Not available,5
Unknown,Not available,072 127 6335,Not rated,Not available,5
Unknown,Not available,081 836 6788,Not rated,Not available,5
Unknown,Not available,084 018 5098,Not rated,Not available,5
Unknown,Not available,011 708 7459,Not rated,Not available,5
Unknown,Not available,064 557 4584,Not rated,Not available,5
Unknown,Not available,064 392 4277,Not rated,Not available,5
Unknown,Not available,083 299 8580,Not rated,Not available,5
Unknown,Not available,087 135 0005,Not rated,Not available,5
Unknown,Not available,Not available,Not rated,Not available,5
Unknown,Not available,Not available,Not rated,Not available,5
Unknown,Not available,081 851 4440,Not rated,Not available,6
Unknown,Not available,082 726 0113,Not rated,Not available,6
Unknown,Not available,011 609 7003,Not rated,Not available,6
Unknown,Not available,064 735 6149,Not rated,Not available,6
Unknown,Not available,Not available,Not rated,Not available,6
Unknown,Not available,011 496 1382,Not rated,Not available,6
Unknown,Not available,084 404 0200,Not rated,Not available,6
Unknown,Not available,076 861 3684,Not rated,Not available,6
Unknown,Not available,079 506 6322,Not rated,Not available,6
Unknown,Not available,073 804 1344,Not rated,Not available,6
Unknown,Not available,011 482 7795,Not rated,Not available,6
Unknown,Not available,012 751 1712,Not rated,Not available,6
Unknown,Not available,072 744 4798,Not rated,Not available,6
Unknown,Not available,011 980 4020,Not rated,Not available,6
Unknown,Not available,084 583 7299,Not rated,Not available,6
Unknown,Not available,Not available,Not rated,Not available,6
Unknown,Not available,012 812 5100,Not rated,Not available,6
Unknown,Not available,067 649 3877,Not rated,Not available,6
Unknown,Not available,064 370 2202,Not rated,Not available,6
Unknown,Not available,011 465 3344,Not rated,Not available,6
Unknown,Not available,012 111 7255,Not rated,Not available,6
Unknown,Not available,081 851 4440,Not rated,Not available,7
Unknown,Not available,012 345 1181,Not rated,Not available,7
Unknown,Not available,011 532 9600,Not rated,Not available,7
Unknown,Not available,083 266 7529,Not rated,Not available,7
Unknown,Not available,072 127 6335,Not rated,Not available,7
Unknown,Not available,081 836 6788,Not rated,Not available,7
Unknown,Not available,084 018 5098,Not rated,Not available,7
Unknown,Not available,011 708 7459,Not rated,Not available,7
Unknown,Not available,064 557 4584,Not rated,Not available,7
Unknown,Not available,064 392 4277,Not rated,Not available,7
Unknown,Not available,083 299 8580,Not rated,Not available,7
Unknown,Not available,087 135 0005,Not rated,Not available,7
Unknown,Not available,Not available,Not rated,Not available,7
Unknown,Not available,Not available,Not rated,Not available,7
Unknown,Not available,081 851 4440,Not rated,Not available,8
Unknown,Not available,082 726 0113,Not rated,Not available,8
Unknown,Not available,011 609 7003,Not rated,Not available,8
Unknown,Not available,064 735 6149,Not rated,Not available,8
Unknown,Not available,Not available,Not rated,Not available,8
Unknown,Not available,084 404 0200,Not rated,Not available,8
Unknown,Not available,076 861 3684,Not rated,Not available,8
Unknown,Not available,079 506 6322,Not rated,Not available,8
Unknown,Not available,012 706 0034,Not rated,Not available,8
Unknown,Not available,073 804 1344,Not rated,Not available,8
Unknown,Not available,011 482 7795,Not rated,Not available,8
Unknown,Not available,082 255 5209,Not rated,Not available,8
Unknown,Not available,012 751 1712,Not rated,Not available,8
Unknown,Not available,072 744 4798,Not rated,Not available,8
Unknown,Not available,011 980 4020,Not rated,Not available,8
Unknown,Not available,Not available,Not rated,Not available,8
Unknown,Not available,012 812 5100,Not rated,Not available,8
Unknown,Not available,067 649 3877,Not rated,Not available,8
Unknown,Not available,064 370 2202,Not rated,Not available,8
Unknown,Not available,011 465 3344,Not rated,Not available,8
Unknown,Not available,012 940 0147,Not rated,Not available,8
Unknown,Not available,081 851 4440,Not rated,Not available,9
Unknown,Not available,012 345 1181,Not rated,Not available,9
Unknown,Not available,011 532 9600,Not rated,Not available,9
Unknown,Not available,083 266 7529,Not rated,Not available,9
Unknown,Not available,072 127 6335,Not rated,Not available,9
Unknown,Not available,081 836 6788,Not rated,Not available,9
Unknown,Not available,084 018 5098,Not rated,Not available,9
Unknown,Not available,011 708 7459,Not rated,Not available,9
Unknown,Not available,064 557 4584,Not rated,Not available,9
Unknown,Not available,064 392 4277,Not rated,Not available,9
Unknown,Not available,083 299 8580,Not rated,Not available,9
Unknown,Not available,087 135 0005,Not rated,Not available,9
Unknown,Not available,Not available,Not rated,Not available,9
Unknown,Not available,Not available,Not rated,Not available,9
Unknown,Not available,081 851 4440,Not rated,Not available,10
Unknown,Not available,082 726 0113,Not rated,Not available,10
Unknown,Not available,011 609 7003,Not rated,Not available,10
Unknown,Not available,064 735 6149,Not rated,Not available,10
Unknown,Not available,Not available,Not rated,Not available,10
Unknown,Not available,011 496 1382,Not rated,Not available,10
Unknown,Not available,084 404 0200,Not rated,Not available,10
Unknown,Not available,076 861 3684,Not rated,Not available,10
Unknown,Not available,079 506 6322,Not rated,Not available,10
Unknown,Not available,073 804 1344,Not rated,Not available,10
Unknown,Not available,011 482 7795,Not rated,Not available,10
Unknown,Not available,012 751 1712,Not rated,Not available,10
Unknown,Not available,072 744 4798,Not rated,Not available,10
Unknown,Not available,011 980 4020,Not rated,Not available,10
Unknown,Not available,084 583 7299,Not rated,Not available,10
Unknown,Not available,Not available,Not rated,Not available,10
Unknown,Not available,012 812 5100,Not rated,Not available,10
Unknown,Not available,067 649 3877,Not rated,Not available,10
Unknown,Not available,064 370 2202,Not rated,Not available,10
Unknown,Not available,011 465 3344,Not rated,Not available,10
Unknown,Not available,012 111 7255,Not rated,Not available,10
